,time,x,y,z
0,928,2307674,1762081,-3763111
1,928,2314004,1761991,-3746329
2,927,2320334,1761902,-3729548
3,926,2326664,1761812,-3712766
4,926,2332994,1761722,-3695984
5,926,2339324,1761632,-3679202
6,925,2345655,1761543,-3662421
7,924,2351985,1761453,-3645639
8,924,2358315,1761363,-3628857
9,924,2364645,1761273,-3612075
10,923,2370975,1761184,-3595294
11,922,2377305,1761094,-3578512
12,922,2383635,1761004,-3561730
13,922,2389965,1760914,-3544948
14,921,2396295,1760825,-3528167
15,920,2402625,1760735,-3511385
16,920,2408955,1760645,-3494603
17,920,2415285,1760556,-3477821
18,919,2421616,1760466,-3461040
19,918,2427946,1760376,-3444258
20,918,2434276,1760286,-3427476
21,918,2440606,1760197,-3410694
22,917,2446936,1760107,-3393913
23,916,2453266,1760017,-3377131
24,916,2459596,1759927,-3360349
25,916,2465926,1759838,-3343567
26,915,2472256,1759748,-3326786
27,914,2478586,1759658,-3310004
28,914,2484916,1759569,-3293222
29,914,2491246,1759479,-3276440
30,913,2497577,1759389,-3259659
31,912,2503907,1759299,-3242877
32,912,2510237,1759210,-3226095
33,912,2516567,1759120,-3209313
34,911,2522897,1759030,-3192532
35,910,2529227,1758940,-3175750
36,910,2535557,1758851,-3158968
37,910,2541887,1758761,-3142186
38,909,2548217,1758671,-3125405
39,908,2554547,1758581,-3108623
40,908,2560877,1758492,-3091841
41,908,2567208,1758402,-3075059
42,907,2573538,1758312,-3058278
43,906,2579868,1758223,-3041496
44,906,2586198,1758133,-3024714
45,906,2592528,1758043,-3007932
46,905,2598858,1757953,-2991151
47,904,2605188,1757864,-2974369
48,904,2611518,1757774,-2957587
49,904,2617848,1757684,-2940805
50,903,2624178,1757594,-2924024
51,902,2630508,1757505,-2907242
52,902,2636838,1757415,-2890460
53,902,2643169,1757325,-2873678
54,901,2649499,1757235,-2856897
55,900,2655829,1757146,-2840115
56,900,2662159,1757056,-2823333
57,900,2668489,1756966,-2806551
58,899,2674819,1756877,-2789770
59,898,2681149,1756787,-2772988
60,898,2687479,1756697,-2756206
61,898,2693809,1756607,-2739424
62,897,2700139,1756518,-2722643
63,896,2706469,1756428,-2705861
64,896,2712800,1756338,-2689079
65,896,2719130,1756248,-2672298
66,895,2725460,1756159,-2655516
67,894,2731790,1756069,-2638734
68,894,2738120,1755979,-2621952
69,894,2744450,1755890,-2605171
70,893,2750780,1755800,-2588389
71,893,2750780,1755800,-2588389
72,892,2751321,1755304,-2587050
73,892,2751863,1754808,-2585710
74,892,2752404,1754312,-2584371
75,891,2752945,1753816,-2583032
76,890,2753487,1753320,-2581692
77,890,2754028,1752824,-2580353
78,890,2754569,1752328,-2579014
79,889,2755111,1751832,-2577675
80,888,2755652,1751337,-2576335
81,888,2756193,1750841,-2574996
82,888,2756735,1750345,-2573657
83,887,2757276,1749849,-2572318
84,886,2757817,1749353,-2570978
85,886,2758359,1748857,-2569639
86,886,2758900,1748361,-2568300
87,885,2759441,1747865,-2566961
88,884,2759983,1747369,-2565621
89,884,2760524,1746873,-2564282
90,884,2761065,1746377,-2562943
91,883,2761606,1745881,-2561604
92,882,2762148,1745386,-2560264
93,882,2762689,1744890,-2558925
94,882,2763230,1744394,-2557586
95,881,2763772,1743898,-2556246
96,880,2764313,1743402,-2554907
97,880,2764854,1742906,-2553568
98,880,2765396,1742410,-2552229
99,879,2765937,1741914,-2550889
100,878,2766478,1741418,-2549550
101,878,2767020,1740922,-2548211
102,878,2767561,1740426,-2546872
103,877,2768102,1739930,-2545532
104,876,2768644,1739435,-2544193
105,876,2769185,1738939,-2542854
106,876,2769726,1738443,-2541515
107,875,2770268,1737947,-2540175
108,874,2770809,1737451,-2538836
109,874,2771350,1736955,-2537497
110,874,2771892,1736459,-2536157
111,873,2772433,1735963,-2534818
112,872,2772974,1735467,-2533479
113,872,2773516,1734971,-2532140
114,872,2774057,1734475,-2530800
115,871,2774598,1733979,-2529461
116,870,2775140,1733484,-2528122
117,870,2775681,1732988,-2526783
118,870,2776222,1732492,-2525443
119,869,2776763,1731996,-2524104
120,868,2777305,1731500,-2522765
121,868,2777846,1731004,-2521426
122,868,2778387,1730508,-2520086
123,867,2778929,1730012,-2518747
124,866,2779470,1729516,-2517408
125,866,2780011,1729020,-2516069
126,866,2780553,1728524,-2514729
127,865,2781094,1728028,-2513390
128,864,2781635,1727533,-2512051
129,864,2782177,1727037,-2510711
130,864,2782718,1726541,-2509372
131,863,2783259,1726045,-2508033
132,862,2783801,1725549,-2506694
133,862,2784342,1725053,-2505354
134,862,2784883,1724557,-2504015
135,861,2785425,1724061,-2502676
136,860,2785966,1723565,-2501337
137,860,2786507,1723069,-2499997
138,860,2787049,1722573,-2498658
139,859,2787590,1722077,-2497319
140,858,2788131,1721582,-2495980
141,858,2788673,1721086,-2494640
142,858,2789214,1720590,-2493301
143,857,2789755,1720094,-2491962
144,856,2790297,1719598,-2490622
145,856,2790838,1719102,-2489283
146,856,2791379,1718606,-2487944
147,855,2791921,1718110,-2486605
148,854,2792462,1717614,-2485265
149,854,2793003,1717118,-2483926
150,854,2793544,1716622,-2482587
151,853,2794086,1716126,-2481248
152,852,2794627,1715631,-2479908
153,852,2795168,1715135,-2478569
154,852,2795710,1714639,-2477230
155,851,2796251,1714143,-2475891
156,850,2796792,1713647,-2474551
157,850,2797334,1713151,-2473212
158,850,2797875,1712655,-2471873
159,849,2798416,1712159,-2470534
160,848,2798958,1711663,-2469194
161,848,2799499,1711167,-2467855
162,848,2800040,1710671,-2466516
163,847,2800582,1710176,-2465176
164,846,2801123,1709680,-2463837
165,846,2801664,1709184,-2462498
166,846,2802206,1708688,-2461159
167,845,2802747,1708192,-2459819
168,844,2803288,1707696,-2458480
169,844,2803830,1707200,-2457141
170,844,2804371,1706704,-2455802
171,843,2804912,1706208,-2454462
172,842,2805454,1705712,-2453123
173,842,2805995,1705216,-2451784
174,842,2806536,1704720,-2450445
175,841,2807078,1704225,-2449105
176,840,2807619,1703729,-2447766
177,840,2808160,1703233,-2446427
178,840,2808702,1702737,-2445088
179,839,2809243,1702241,-2443748
180,838,2809784,1701745,-2442409
181,838,2810325,1701249,-2441070
182,838,2810867,1700753,-2439730
183,837,2811408,1700257,-2438391
184,836,2811949,1699761,-2437052
185,836,2812491,1699265,-2435713
186,836,2813032,1698769,-2434373
187,835,2813573,1698274,-2433034
188,834,2814115,1697778,-2431695
189,834,2814656,1697282,-2430356
190,834,2815197,1696786,-2429016
191,833,2815739,1696290,-2427677
192,832,2816280,1695794,-2426338
193,832,2816821,1695298,-2424999
194,832,2817363,1694802,-2423659
195,831,2817904,1694306,-2422320
196,830,2818445,1693810,-2420981
197,830,2818987,1693314,-2419641
198,830,2819528,1692818,-2418302
199,829,2820069,1692323,-2416963
200,828,2820611,1691827,-2415624
201,828,2821152,1691331,-2414284
202,828,2821693,1690835,-2412945
203,827,2822235,1690339,-2411606
204,826,2822776,1689843,-2410267
205,826,2823317,1689347,-2408927
206,826,2823859,1688851,-2407588
207,825,2824400,1688355,-2406249
208,824,2824941,1687859,-2404910
209,824,2825483,1687363,-2403570
210,824,2826024,1686867,-2402231
211,823,2826565,1686372,-2400892
212,822,2827106,1685876,-2399553
213,822,2827648,1685380,-2398213
214,822,2828189,1684884,-2396874
215,821,2828730,1684388,-2395535
216,820,2829272,1683892,-2394195
217,820,2829813,1683396,-2392856
218,820,2830354,1682900,-2391517
219,819,2830896,1682404,-2390178
220,818,2831437,1681908,-2388838
221,818,2831978,1681412,-2387499
222,818,2832520,1680916,-2386160
223,817,2833061,1680421,-2384821
224,816,2833602,1679925,-2383481
225,816,2834144,1679429,-2382142
226,816,2834685,1678933,-2380803
227,815,2835226,1678437,-2379464
228,814,2835768,1677941,-2378124
229,814,2836309,1677445,-2376785
230,814,2836850,1676949,-2375446
231,813,2837392,1676453,-2374107
232,812,2837933,1675957,-2372767
233,812,2838474,1675461,-2371428
234,812,2839016,1674965,-2370089
235,811,2839557,1674470,-2368749
236,810,2840098,1673974,-2367410
237,810,2840640,1673478,-2366071
238,810,2841181,1672982,-2364732
239,809,2841722,1672486,-2363392
240,808,2842263,1671990,-2362053
241,808,2842805,1671494,-2360714
242,808,2843346,1670998,-2359375
243,807,2843887,1670502,-2358035
244,806,2844429,1670006,-2356696
245,806,2844970,1669510,-2355357
246,806,2845511,1669014,-2354018
247,805,2846053,1668519,-2352678
248,804,2846594,1668023,-2351339
249,804,2847135,1667527,-2350000
250,804,2847677,1667031,-2348660
251,803,2848218,1666535,-2347321
252,802,2848759,1666039,-2345982
253,802,2849301,1665543,-2344643
254,802,2849842,1665047,-2343303
255,801,2850383,1664551,-2341964
256,800,2850925,1664055,-2340625
257,800,2851466,1663559,-2339286
258,800,2852007,1663063,-2337946
259,799,2852549,1662568,-2336607
260,798,2853090,1662072,-2335268
261,798,2853631,1661576,-2333929
262,798,2854173,1661080,-2332589
263,797,2854714,1660584,-2331250
264,796,2855255,1660088,-2329911
265,796,2855797,1659592,-2328572
266,796,2856338,1659096,-2327232
267,795,2856879,1658600,-2325893
268,794,2857421,1658104,-2324554
269,794,2857962,1657608,-2323214
270,794,2858503,1657112,-2321875
271,793,2859044,1656617,-2320536
272,792,2859586,1656121,-2319197
273,792,2860127,1655625,-2317857
274,792,2860668,1655129,-2316518
275,791,2861210,1654633,-2315179
276,790,2861751,1654137,-2313840
277,790,2862292,1653641,-2312500
278,790,2862834,1653145,-2311161
279,789,2863375,1652649,-2309822
280,788,2863916,1652153,-2308483
281,788,2864458,1651657,-2307143
282,788,2864999,1651161,-2305804
283,787,2865540,1650666,-2304465
284,786,2866082,1650170,-2303125
285,786,2866623,1649674,-2301786
286,786,2867164,1649178,-2300447
287,785,2867706,1648682,-2299108
288,784,2868247,1648186,-2297768
289,784,2868788,1647690,-2296429
290,784,2869330,1647194,-2295090
291,783,2869871,1646698,-2293751
292,782,2870412,1646202,-2292411
293,782,2870954,1645706,-2291072
294,782,2871495,1645210,-2289733
295,781,2872036,1644715,-2288394
296,780,2872578,1644219,-2287054
297,780,2873119,1643723,-2285715
298,780,2873660,1643227,-2284376
299,779,2874202,1642731,-2283037
300,778,2874743,1642235,-2281697
301,778,2875284,1641739,-2280358
302,778,2875825,1641243,-2279019
303,777,2876367,1640747,-2277679
304,776,2876908,1640251,-2276340
305,776,2877449,1639755,-2275001
306,776,2877991,1639259,-2273662
307,775,2878532,1638764,-2272322
308,774,2879073,1638268,-2270983
309,774,2879615,1637772,-2269644
310,774,2880156,1637276,-2268305
311,773,2880697,1636780,-2266965
312,772,2881239,1636284,-2265626
313,772,2881780,1635788,-2264287
314,772,2882321,1635292,-2262948
315,771,2882863,1634796,-2261608
316,770,2883404,1634300,-2260269
317,770,2883945,1633804,-2258930
318,770,2884487,1633308,-2257591
319,769,2885028,1632813,-2256251
320,768,2885569,1632317,-2254912
321,768,2886111,1631821,-2253573
322,768,2886652,1631325,-2252233
323,767,2887193,1630829,-2250894
324,766,2887735,1630333,-2249555
325,766,2888276,1629837,-2248216
326,766,2888817,1629341,-2246876
327,765,2889359,1628845,-2245537
328,764,2889900,1628349,-2244198
329,764,2890441,1627853,-2242859
330,764,2890983,1627358,-2241519
331,763,2891524,1626862,-2240180
332,762,2892065,1626366,-2238841
333,762,2892606,1625870,-2237502
334,762,2893148,1625374,-2236162
335,761,2893689,1624878,-2234823
336,760,2894230,1624382,-2233484
337,760,2894772,1623886,-2232144
338,760,2895313,1623390,-2230805
339,759,2895854,1622894,-2229466
340,758,2896396,1622398,-2228127
341,758,2896937,1621902,-2226787
342,758,2897478,1621407,-2225448
343,757,2898020,1620911,-2224109
344,756,2898561,1620415,-2222770
345,756,2899102,1619919,-2221430
346,756,2899644,1619423,-2220091
347,755,2900185,1618927,-2218752
348,754,2900726,1618431,-2217413
349,754,2901268,1617935,-2216073
350,754,2901809,1617439,-2214734
351,753,2902350,1616943,-2213395
352,752,2902892,1616447,-2212056
353,752,2903433,1615951,-2210716
354,752,2903974,1615456,-2209377
355,751,2904516,1614960,-2208038
356,750,2905057,1614464,-2206698
357,750,2905598,1613968,-2205359
358,750,2906140,1613472,-2204020
359,749,2906681,1612976,-2202681
360,748,2907222,1612480,-2201341
361,748,2907763,1611984,-2200002
362,748,2908305,1611488,-2198663
363,747,2908846,1610992,-2197324
364,746,2909387,1610496,-2195984
365,746,2909929,1610000,-2194645
366,746,2910470,1609505,-2193306
367,745,2911011,1609009,-2191967
368,744,2911553,1608513,-2190627
369,744,2912094,1608017,-2189288
370,744,2912635,1607521,-2187949
371,743,2913177,1607025,-2186610
372,742,2913718,1606529,-2185270
373,742,2914259,1606033,-2183931
374,742,2914801,1605537,-2182592
375,741,2915342,1605041,-2181252
376,740,2915883,1604545,-2179913
377,740,2916425,1604049,-2178574
378,740,2916966,1603554,-2177235
379,739,2917507,1603058,-2175895
380,738,2918049,1602562,-2174556
381,738,2918590,1602066,-2173217
382,738,2919131,1601570,-2171878
383,737,2919673,1601074,-2170538
384,736,2920214,1600578,-2169199
385,736,2920755,1600082,-2167860
386,736,2921297,1599586,-2166521
387,735,2921838,1599090,-2165181
388,734,2922379,1598594,-2163842
389,734,2922921,1598098,-2162503
390,734,2923462,1597603,-2161163
391,733,2924003,1597107,-2159824
392,732,2924544,1596611,-2158485
393,732,2925086,1596115,-2157146
394,732,2925627,1595619,-2155806
395,731,2926168,1595123,-2154467
396,730,2926710,1594627,-2153128
397,730,2927251,1594131,-2151789
398,730,2927792,1593635,-2150449
399,729,2928334,1593139,-2149110
400,728,2928875,1592643,-2147771
401,728,2929416,1592147,-2146432
402,728,2929958,1591652,-2145092
403,727,2930499,1591156,-2143753
404,726,2931040,1590660,-2142414
405,726,2931582,1590164,-2141075
406,726,2932123,1589668,-2139735
407,725,2932664,1589172,-2138396
408,724,2933206,1588676,-2137057
409,724,2933747,1588180,-2135717
410,724,2934288,1587684,-2134378
411,723,2934830,1587188,-2133039
412,722,2935371,1586692,-2131700
413,722,2935912,1586196,-2130360
414,722,2936454,1585701,-2129021
415,721,2936995,1585205,-2127682
416,720,2937536,1584709,-2126343
417,720,2938078,1584213,-2125003
418,720,2938619,1583717,-2123664
419,719,2939160,1583221,-2122325
420,718,2939702,1582725,-2120986
421,718,2940243,1582229,-2119646
422,718,2940784,1581733,-2118307
423,717,2941325,1581237,-2116968
424,716,2941867,1580741,-2115629
425,716,2942408,1580245,-2114289
426,716,2942949,1579750,-2112950
427,715,2943491,1579254,-2111611
428,714,2944032,1578758,-2110271
429,714,2944573,1578262,-2108932
430,714,2945115,1577766,-2107593
431,713,2945656,1577270,-2106254
432,712,2946197,1576774,-2104914
433,712,2946739,1576278,-2103575
434,712,2947280,1575782,-2102236
435,711,2947821,1575286,-2100897
436,710,2948363,1574790,-2099557
437,710,2948904,1574294,-2098218
438,710,2949445,1573799,-2096879
439,709,2949987,1573303,-2095540
440,708,2950528,1572807,-2094200
441,708,2951069,1572311,-2092861
442,708,2951611,1571815,-2091522
443,707,2952152,1571319,-2090182
444,706,2952693,1570823,-2088843
445,706,2953235,1570327,-2087504
446,706,2953776,1569831,-2086165
447,705,2954317,1569335,-2084825
448,704,2954859,1568839,-2083486
449,704,2955400,1568343,-2082147
450,704,2955941,1567848,-2080808
451,703,2956483,1567352,-2079468
452,702,2957024,1566856,-2078129
453,702,2957565,1566360,-2076790
454,702,2958106,1565864,-2075451
455,701,2958648,1565368,-2074111
456,700,2959189,1564872,-2072772
457,700,2959730,1564376,-2071433
458,700,2960272,1563880,-2070094
459,699,2960813,1563384,-2068754
460,698,2961354,1562888,-2067415
461,698,2961896,1562392,-2066076
462,698,2962437,1561897,-2064736
463,697,2962978,1561401,-2063397
464,696,2963520,1560905,-2062058
465,696,2964061,1560409,-2060719
466,696,2964602,1559913,-2059379
467,695,2965144,1559417,-2058040
468,694,2965685,1558921,-2056701
469,694,2966226,1558425,-2055362
470,694,2966768,1557929,-2054022
471,693,2967309,1557433,-2052683
472,692,2967850,1556937,-2051344
473,692,2968392,1556441,-2050005
474,692,2968933,1555946,-2048665
475,691,2969474,1555450,-2047326
476,690,2970016,1554954,-2045987
477,690,2970557,1554458,-2044647
478,690,2971098,1553962,-2043308
479,689,2971640,1553466,-2041969
480,688,2972181,1552970,-2040630
481,688,2972722,1552474,-2039290
482,688,2973263,1551978,-2037951
483,687,2973805,1551482,-2036612
484,686,2974346,1550986,-2035273
485,686,2974887,1550490,-2033933
486,686,2975429,1549995,-2032594
487,685,2975970,1549499,-2031255
488,684,2976511,1549003,-2029916
489,684,2977053,1548507,-2028576
490,684,2977594,1548011,-2027237
491,683,2978135,1547515,-2025898
492,682,2978677,1547019,-2024559
493,682,2979218,1546523,-2023219
494,682,2979759,1546027,-2021880
495,681,2980301,1545531,-2020541
496,680,2980842,1545035,-2019201
497,680,2981383,1544540,-2017862
498,680,2981925,1544044,-2016523
499,679,2982466,1543548,-2015184
500,678,2983007,1543052,-2013844
501,678,2983549,1542556,-2012505
502,678,2984090,1542060,-2011166
503,677,2984631,1541564,-2009827
504,676,2985173,1541068,-2008487
505,676,2985714,1540572,-2007148
506,676,2986255,1540076,-2005809
507,675,2986797,1539580,-2004470
508,674,2987338,1539084,-2003130
509,674,2987879,1538589,-2001791
510,674,2988421,1538093,-2000452
511,673,2988962,1537597,-1999113
512,672,2989503,1537101,-1997773
513,672,2990044,1536605,-1996434
514,672,2990586,1536109,-1995095
515,671,2991127,1535613,-1993755
516,670,2991668,1535117,-1992416
517,670,2992210,1534621,-1991077
518,670,2992751,1534125,-1989738
519,669,2993292,1533629,-1988398
520,668,2993834,1533133,-1987059
521,668,2994375,1532638,-1985720
522,668,2994916,1532142,-1984381
523,667,2995458,1531646,-1983041
524,666,2995999,1531150,-1981702
525,666,2996540,1530654,-1980363
526,666,2997082,1530158,-1979024
527,665,2997623,1529662,-1977684
528,664,2998164,1529166,-1976345
529,664,2998706,1528670,-1975006
530,664,2999247,1528174,-1973666
531,663,2999788,1527678,-1972327
532,662,3000330,1527182,-1970988
533,662,3000871,1526687,-1969649
534,662,3001412,1526191,-1968309
535,661,3001954,1525695,-1966970
536,660,3002495,1525199,-1965631
537,660,3003036,1524703,-1964292
538,660,3003578,1524207,-1962952
539,659,3004119,1523711,-1961613
540,658,3004660,1523215,-1960274
541,658,3005202,1522719,-1958935
542,658,3005743,1522223,-1957595
543,657,3006284,1521727,-1956256
544,656,3006825,1521231,-1954917
545,656,3007367,1520736,-1953578
546,656,3007908,1520240,-1952238
547,655,3008449,1519744,-1950899
548,654,3008991,1519248,-1949560
549,654,3009532,1518752,-1948220
550,654,3010073,1518256,-1946881
551,653,3010615,1517760,-1945542
552,652,3011156,1517264,-1944203
553,652,3011697,1516768,-1942863
554,652,3012239,1516272,-1941524
555,651,3012780,1515776,-1940185
556,650,3013321,1515280,-1938846
557,650,3013863,1514785,-1937506
558,650,3014404,1514289,-1936167
559,649,3014945,1513793,-1934828
560,648,3015487,1513297,-1933489
561,648,3016028,1512801,-1932149
562,648,3016569,1512305,-1930810
563,647,3017111,1511809,-1929471
564,646,3017652,1511313,-1928132
565,646,3018193,1510817,-1926792
566,646,3018735,1510321,-1925453
567,645,3019276,1509825,-1924114
568,644,3019817,1509329,-1922774
569,644,3020359,1508834,-1921435
570,644,3020900,1508338,-1920096
571,643,3021441,1507842,-1918757
572,642,3021983,1507346,-1917417
573,642,3022524,1506850,-1916078
574,642,3023065,1506354,-1914739
575,641,3023606,1505858,-1913400
576,640,3024148,1505362,-1912060
577,640,3024689,1504866,-1910721
578,640,3025230,1504370,-1909382
579,639,3025772,1503874,-1908043
580,638,3026313,1503378,-1906703
581,638,3026854,1502883,-1905364
582,638,3027396,1502387,-1904025
583,637,3027937,1501891,-1902685
584,636,3028478,1501395,-1901346
585,636,3029020,1500899,-1900007
586,636,3029561,1500403,-1898668
587,635,3030102,1499907,-1897328
588,634,3030644,1499411,-1895989
589,634,3031185,1498915,-1894650
590,634,3031726,1498419,-1893311
591,633,3032268,1497923,-1891971
592,632,3032809,1497427,-1890632
593,632,3033350,1496932,-1889293
594,632,3033892,1496436,-1887954
595,631,3034433,1495940,-1886614
596,630,3034974,1495444,-1885275
597,630,3035516,1494948,-1883936
598,630,3036057,1494452,-1882597
599,629,3036598,1493956,-1881257
600,628,3037140,1493460,-1879918
601,628,3037681,1492964,-1878579
602,628,3038222,1492468,-1877239
603,627,3038763,1491972,-1875900
604,626,3039305,1491476,-1874561
605,626,3039846,1490981,-1873222
606,626,3040387,1490485,-1871882
607,625,3040929,1489989,-1870543
608,624,3041470,1489493,-1869204
609,624,3042011,1488997,-1867865
610,624,3042553,1488501,-1866525
611,623,3043094,1488005,-1865186
612,622,3043635,1487509,-1863847
613,622,3044177,1487013,-1862508
614,622,3044718,1486517,-1861168
615,621,3045259,1486021,-1859829
616,620,3045801,1485525,-1858490
617,620,3046342,1485030,-1857150
618,620,3046883,1484534,-1855811
619,619,3047425,1484038,-1854472
620,618,3047966,1483542,-1853133
621,618,3048507,1483046,-1851793
622,618,3049049,1482550,-1850454
623,617,3049590,1482054,-1849115
624,616,3050131,1481558,-1847776
625,616,3050673,1481062,-1846436
626,616,3051214,1480566,-1845097
627,615,3051755,1480070,-1843758
628,614,3052297,1479574,-1842419
629,614,3052838,1479079,-1841079
630,614,3053379,1478583,-1839740
631,613,3053921,1478087,-1838401
632,612,3054462,1477591,-1837062
633,612,3055003,1477095,-1835722
634,612,3055544,1476599,-1834383
635,611,3056086,1476103,-1833044
636,610,3056627,1475607,-1831704
637,610,3057168,1475111,-1830365
638,610,3057710,1474615,-1829026
639,609,3058251,1474119,-1827687
640,608,3058792,1473623,-1826347
641,608,3059334,1473128,-1825008
642,608,3059875,1472632,-1823669
643,607,3060416,1472136,-1822330
644,606,3060958,1471640,-1820990
645,606,3061499,1471144,-1819651
646,606,3062040,1470648,-1818312
647,605,3062582,1470152,-1816973
648,604,3063123,1469656,-1815633
649,604,3063664,1469160,-1814294
650,604,3064206,1468664,-1812955
651,603,3064747,1468168,-1811616
652,602,3065288,1467673,-1810276
653,602,3065830,1467177,-1808937
654,602,3066371,1466681,-1807598
655,601,3066912,1466185,-1806258
656,600,3067454,1465689,-1804919
657,600,3067995,1465193,-1803580
658,600,3068536,1464697,-1802241
659,599,3069078,1464201,-1800901
660,598,3069619,1463705,-1799562
661,598,3070160,1463209,-1798223
662,598,3070702,1462713,-1796884
663,597,3071243,1462217,-1795544
664,596,3071784,1461722,-1794205
665,596,3072325,1461226,-1792866
666,596,3072867,1460730,-1791527
667,595,3073408,1460234,-1790187
668,594,3073949,1459738,-1788848
669,594,3074491,1459242,-1787509
670,594,3075032,1458746,-1786169
671,593,3075573,1458250,-1784830
672,592,3076115,1457754,-1783491
673,592,3076656,1457258,-1782152
674,592,3077197,1456762,-1780812
675,591,3077739,1456266,-1779473
676,590,3078280,1455771,-1778134
677,590,3078821,1455275,-1776795
678,590,3079363,1454779,-1775455
679,589,3079904,1454283,-1774116
680,588,3080445,1453787,-1772777
681,588,3080987,1453291,-1771438
682,588,3081528,1452795,-1770098
683,587,3082069,1452299,-1768759
684,586,3082611,1451803,-1767420
685,586,3083152,1451307,-1766081
686,586,3083693,1450811,-1764741
687,585,3084235,1450315,-1763402
688,584,3084776,1449820,-1762063
689,584,3085317,1449324,-1760723
690,584,3085859,1448828,-1759384
691,583,3086400,1448332,-1758045
692,582,3086941,1447836,-1756706
693,582,3087483,1447340,-1755366
694,582,3088024,1446844,-1754027
695,581,3088565,1446348,-1752688
696,580,3089106,1445852,-1751349
697,580,3089648,1445356,-1750009
698,580,3090189,1444860,-1748670
699,579,3090730,1444364,-1747331
700,578,3091272,1443869,-1745992
701,578,3091813,1443373,-1744652
702,578,3092354,1442877,-1743313
703,577,3092896,1442381,-1741974
704,576,3093437,1441885,-1740635
705,576,3093978,1441389,-1739295
706,576,3094520,1440893,-1737956
707,575,3095061,1440397,-1736617
708,574,3095602,1439901,-1735277
709,574,3096144,1439405,-1733938
710,574,3096685,1438909,-1732599
711,573,3097226,1438413,-1731260
712,572,3097768,1437918,-1729920
713,572,3098309,1437422,-1728581
714,572,3098850,1436926,-1727242
715,571,3099392,1436430,-1725903
716,570,3099933,1435934,-1724563
717,570,3100474,1435438,-1723224
718,570,3101016,1434942,-1721885
719,569,3101557,1434446,-1720546
720,568,3102098,1433950,-1719206
721,568,3102640,1433454,-1717867
722,568,3103181,1432958,-1716528
723,567,3103722,1432462,-1715188
724,566,3104263,1431967,-1713849
725,566,3104805,1431471,-1712510
726,566,3105346,1430975,-1711171
727,565,3105887,1430479,-1709831
728,564,3106429,1429983,-1708492
729,564,3106970,1429487,-1707153
730,564,3107511,1428991,-1705814
731,563,3108053,1428495,-1704474
732,562,3108594,1427999,-1703135
733,562,3109135,1427503,-1701796
734,562,3109677,1427007,-1700457
735,561,3110218,1426511,-1699117
736,560,3110759,1426016,-1697778
737,560,3111301,1425520,-1696439
738,560,3111842,1425024,-1695100
739,559,3112383,1424528,-1693760
740,558,3112925,1424032,-1692421
741,558,3113466,1423536,-1691082
742,558,3114007,1423040,-1689742
743,557,3114549,1422544,-1688403
744,556,3115090,1422048,-1687064
745,556,3115631,1421552,-1685725
746,556,3116173,1421056,-1684385
747,555,3116714,1420560,-1683046
748,554,3117255,1420065,-1681707
749,554,3117797,1419569,-1680368
750,554,3118338,1419073,-1679028
751,553,3118879,1418577,-1677689
752,552,3119421,1418081,-1676350
753,552,3119962,1417585,-1675011
754,552,3120503,1417089,-1673671
755,551,3121044,1416593,-1672332
756,550,3121586,1416097,-1670993
757,550,3122127,1415601,-1669654
758,550,3122668,1415105,-1668314
759,549,3123210,1414609,-1666975
760,548,3123751,1414114,-1665636
761,548,3124292,1413618,-1664296
762,548,3124834,1413122,-1662957
763,547,3125375,1412626,-1661618
764,546,3125916,1412130,-1660279
765,546,3126458,1411634,-1658939
766,546,3126999,1411138,-1657600
767,545,3127540,1410642,-1656261
768,544,3128082,1410146,-1654922
769,544,3128623,1409650,-1653582
770,544,3129164,1409154,-1652243
771,543,3129706,1408658,-1650904
772,542,3130247,1408163,-1649565
773,542,3130788,1407667,-1648225
774,542,3131330,1407171,-1646886
775,541,3131871,1406675,-1645547
776,540,3132412,1406179,-1644207
777,540,3132954,1405683,-1642868
778,540,3133495,1405187,-1641529
779,539,3134036,1404691,-1640190
780,538,3134578,1404195,-1638850
781,538,3135119,1403699,-1637511
782,538,3135660,1403203,-1636172
783,537,3136202,1402707,-1634833
784,536,3136743,1402212,-1633493
785,536,3137284,1401716,-1632154
786,536,3137825,1401220,-1630815
787,535,3138367,1400724,-1629476
788,534,3138908,1400228,-1628136
789,534,3139449,1399732,-1626797
790,534,3139991,1399236,-1625458
791,533,3140532,1398740,-1624119
792,532,3141073,1398244,-1622779
793,532,3141615,1397748,-1621440
794,532,3142156,1397252,-1620101
795,531,3142697,1396756,-1618761
796,530,3143239,1396261,-1617422
797,530,3143780,1395765,-1616083
798,530,3144321,1395269,-1614744
799,529,3144863,1394773,-1613404
800,528,3145404,1394277,-1612065
801,528,3145945,1393781,-1610726
802,528,3146487,1393285,-1609387
803,527,3147028,1392789,-1608047
804,526,3147569,1392293,-1606708
805,526,3148111,1391797,-1605369
806,526,3148652,1391301,-1604030
807,525,3149193,1390805,-1602690
808,524,3149735,1390310,-1601351
809,524,3150276,1389814,-1600012
810,524,3150817,1389318,-1598672
811,523,3151359,1388822,-1597333
812,522,3151900,1388326,-1595994
813,522,3152441,1387830,-1594655
814,522,3152983,1387334,-1593315
815,521,3153524,1386838,-1591976
816,520,3154065,1386342,-1590637
817,520,3154606,1385846,-1589298
818,520,3155148,1385350,-1587958
819,519,3155689,1384855,-1586619
820,518,3156230,1384359,-1585280
821,518,3156772,1383863,-1583941
822,518,3157313,1383367,-1582601
823,517,3157854,1382871,-1581262
824,516,3158396,1382375,-1579923
825,516,3158937,1381879,-1578584
826,516,3159478,1381383,-1577244
827,515,3160020,1380887,-1575905
828,514,3160561,1380391,-1574566
829,514,3161102,1379895,-1573226
830,514,3161644,1379399,-1571887
831,513,3162185,1378904,-1570548
832,512,3162726,1378408,-1569209
833,512,3163268,1377912,-1567869
834,512,3163809,1377416,-1566530
835,511,3164350,1376920,-1565191
836,510,3164892,1376424,-1563852
837,510,3165433,1375928,-1562512
838,510,3165974,1375432,-1561173
839,509,3166516,1374936,-1559834
840,508,3167057,1374440,-1558495
841,508,3167598,1373944,-1557155
842,508,3168140,1373448,-1555816
843,507,3168681,1372953,-1554477
844,506,3169222,1372457,-1553138
845,506,3169763,1371961,-1551798
846,506,3170305,1371465,-1550459
847,505,3170846,1370969,-1549120
848,504,3171387,1370473,-1547780
849,504,3171929,1369977,-1546441
850,504,3172470,1369481,-1545102
851,503,3173011,1368985,-1543763
852,502,3173553,1368489,-1542423
853,502,3174094,1367993,-1541084
854,502,3174635,1367497,-1539745
855,501,3175177,1367002,-1538406
856,500,3175718,1366506,-1537066
857,500,3176259,1366010,-1535727
858,500,3176801,1365514,-1534388
859,499,3177342,1365018,-1533049
860,498,3177883,1364522,-1531709
861,498,3178425,1364026,-1530370
862,498,3178966,1363530,-1529031
863,497,3179507,1363034,-1527691
864,496,3180049,1362538,-1526352
865,496,3180590,1362042,-1525013
866,496,3181131,1361546,-1523674
867,495,3181673,1361051,-1522334
868,494,3182214,1360555,-1520995
869,494,3182755,1360059,-1519656
870,494,3183297,1359563,-1518317
871,493,3183838,1359067,-1516977
872,492,3184379,1358571,-1515638
873,492,3184921,1358075,-1514299
874,492,3185462,1357579,-1512960
875,491,3186003,1357083,-1511620
876,490,3186544,1356587,-1510281
877,490,3187086,1356091,-1508942
878,490,3187627,1355595,-1507603
879,489,3188168,1355100,-1506263
880,488,3188710,1354604,-1504924
881,488,3189251,1354108,-1503585
882,488,3189792,1353612,-1502245
883,487,3190334,1353116,-1500906
884,486,3190875,1352620,-1499567
885,486,3191416,1352124,-1498228
886,486,3191958,1351628,-1496888
887,485,3192499,1351132,-1495549
888,484,3193040,1350636,-1494210
889,484,3193582,1350140,-1492871
890,484,3194123,1349644,-1491531
891,483,3194664,1349149,-1490192
892,482,3195206,1348653,-1488853
893,482,3195747,1348157,-1487514
894,482,3196288,1347661,-1486174
895,481,3196830,1347165,-1484835
896,480,3197371,1346669,-1483496
897,480,3197912,1346173,-1482157
898,480,3198454,1345677,-1480817
899,479,3198995,1345181,-1479478
900,478,3199536,1344685,-1478139
901,478,3200078,1344189,-1476799
902,478,3200619,1343693,-1475460
903,477,3201160,1343198,-1474121
904,476,3201702,1342702,-1472782
905,476,3202243,1342206,-1471442
906,476,3202784,1341710,-1470103
907,475,3203325,1341214,-1468764
908,474,3203867,1340718,-1467425
909,474,3204408,1340222,-1466085
910,474,3204949,1339726,-1464746
911,473,3205491,1339230,-1463407
912,472,3206032,1338734,-1462068
913,472,3206573,1338238,-1460728
914,472,3207115,1337742,-1459389
915,471,3207656,1337247,-1458050
916,470,3208197,1336751,-1456710
917,470,3208739,1336255,-1455371
918,470,3209280,1335759,-1454032
919,469,3209821,1335263,-1452693
920,468,3210363,1334767,-1451353
921,468,3210904,1334271,-1450014
922,468,3211445,1333775,-1448675
923,467,3211987,1333279,-1447336
924,466,3212528,1332783,-1445996
925,466,3213069,1332287,-1444657
926,466,3213611,1331791,-1443318
927,465,3214152,1331296,-1441979
928,464,3214693,1330800,-1440639
929,464,3215235,1330304,-1439300
930,464,3215776,1329808,-1437961
931,463,3216317,1329312,-1436622
932,462,3216859,1328816,-1435282
933,462,3217400,1328320,-1433943
934,462,3217941,1327824,-1432604
935,461,3218483,1327328,-1431264
936,460,3219024,1326832,-1429925
937,460,3219565,1326336,-1428586
938,460,3220106,1325840,-1427247
939,459,3220648,1325345,-1425907
940,458,3221189,1324849,-1424568
941,458,3221730,1324353,-1423229
942,458,3222272,1323857,-1421890
943,457,3222813,1323361,-1420550
944,456,3223354,1322865,-1419211
945,456,3223896,1322369,-1417872
946,456,3224437,1321873,-1416533
947,455,3224978,1321377,-1415193
948,454,3225520,1320881,-1413854
949,454,3226061,1320385,-1412515
950,454,3226602,1319889,-1411176
951,453,3227144,1319394,-1409836
952,452,3227685,1318898,-1408497
953,452,3228226,1318402,-1407158
954,452,3228768,1317906,-1405818
955,451,3229309,1317410,-1404479
956,450,3229850,1316914,-1403140
957,450,3230392,1316418,-1401801
958,450,3230933,1315922,-1400461
959,449,3231474,1315426,-1399122
960,448,3232016,1314930,-1397783
961,448,3232557,1314434,-1396444
962,448,3233098,1313938,-1395104
963,447,3233640,1313443,-1393765
964,446,3234181,1312947,-1392426
965,446,3234722,1312451,-1391087
966,446,3235263,1311955,-1389747
967,445,3235805,1311459,-1388408
968,444,3236346,1310963,-1387069
969,444,3236887,1310467,-1385729
970,444,3237429,1309971,-1384390
971,443,3237970,1309475,-1383051
972,442,3238511,1308979,-1381712
973,442,3239053,1308483,-1380372
974,442,3239594,1307988,-1379033
975,441,3240135,1307492,-1377694
976,440,3240677,1306996,-1376355
977,440,3241218,1306500,-1375015
978,440,3241759,1306004,-1373676
979,439,3242301,1305508,-1372337
980,438,3242842,1305012,-1370998
981,438,3243383,1304516,-1369658
982,438,3243925,1304020,-1368319
983,437,3244466,1303524,-1366980
984,436,3245007,1303028,-1365641
985,436,3245549,1302532,-1364301
986,436,3246090,1302037,-1362962
987,435,3246631,1301541,-1361623
988,434,3247173,1301045,-1360283
989,434,3247714,1300549,-1358944
990,434,3248255,1300053,-1357605
991,433,3248797,1299557,-1356266
992,432,3249338,1299061,-1354926
993,432,3249879,1298565,-1353587
994,432,3250421,1298069,-1352248
995,431,3250962,1297573,-1350909
996,430,3251503,1297077,-1349569
997,430,3252044,1296581,-1348230
998,430,3252586,1296086,-1346891
999,429,3253127,1295590,-1345552
1000,428,3253668,1295094,-1344212
1001,428,3254210,1294598,-1342873
1002,428,3254751,1294102,-1341534
1003,427,3255292,1293606,-1340194
1004,426,3255834,1293110,-1338855
1005,426,3256375,1292614,-1337516
1006,426,3256916,1292118,-1336177
1007,425,3257458,1291622,-1334837
1008,424,3257999,1291126,-1333498
1009,424,3258540,1290630,-1332159
1010,424,3259082,1290135,-1330820
1011,423,3259623,1289639,-1329480
1012,422,3260164,1289143,-1328141
1013,422,3260706,1288647,-1326802
1014,422,3261247,1288151,-1325463
1015,421,3261788,1287655,-1324123
1016,420,3262330,1287159,-1322784
1017,420,3262871,1286663,-1321445
1018,420,3263412,1286167,-1320106
1019,419,3263954,1285671,-1318766
1020,418,3264495,1285175,-1317427
1021,418,3265036,1284679,-1316088
1022,418,3265578,1284184,-1314748
1023,417,3266119,1283688,-1313409
1024,416,3266660,1283192,-1312070
1025,416,3267202,1282696,-1310731
1026,416,3267743,1282200,-1309391
1027,415,3268284,1281704,-1308052
1028,414,3268825,1281208,-1306713
1029,414,3269367,1280712,-1305374
1030,414,3269908,1280216,-1304034
1031,413,3270449,1279720,-1302695
1032,412,3270991,1279224,-1301356
1033,412,3271532,1278728,-1300017
1034,412,3272073,1278233,-1298677
1035,411,3272615,1277737,-1297338
1036,410,3273156,1277241,-1295999
1037,410,3273697,1276745,-1294660
1038,410,3274239,1276249,-1293320
1039,409,3274780,1275753,-1291981
1040,409,3274780,1275753,-1291981
1041,408,3275205,1274523,-1288583
1042,408,3275630,1273292,-1285185
1043,408,3276055,1272062,-1281787
1044,407,3276481,1270831,-1278389
1045,406,3276906,1269601,-1274991
1046,406,3277331,1268371,-1271593
1047,406,3277756,1267140,-1268195
1048,405,3278181,1265910,-1264797
1049,404,3278606,1264679,-1261399
1050,404,3279031,1263449,-1258001
1051,404,3279457,1262219,-1254603
1052,403,3279882,1260988,-1251205
1053,402,3280307,1259758,-1247807
1054,402,3280732,1258527,-1244409
1055,402,3281157,1257297,-1241011
1056,401,3281582,1256067,-1237612
1057,400,3282007,1254836,-1234214
1058,400,3282433,1253606,-1230816
1059,400,3282858,1252375,-1227418
1060,399,3283283,1251145,-1224020
1061,398,3283708,1249915,-1220622
1062,398,3284133,1248684,-1217224
1063,398,3284558,1247454,-1213826
1064,397,3284983,1246223,-1210428
1065,396,3285409,1244993,-1207030
1066,396,3285834,1243763,-1203632
1067,396,3286259,1242532,-1200234
1068,395,3286684,1241302,-1196836
1069,394,3287109,1240071,-1193438
1070,394,3287534,1238841,-1190040
1071,394,3287959,1237611,-1186642
1072,393,3288384,1236380,-1183244
1073,392,3288810,1235150,-1179846
1074,392,3289235,1233919,-1176448
1075,392,3289660,1232689,-1173050
1076,391,3290085,1231459,-1169652
1077,390,3290510,1230228,-1166254
1078,390,3290935,1228998,-1162856
1079,390,3291360,1227767,-1159458
1080,389,3291786,1226537,-1156060
1081,388,3292211,1225307,-1152662
1082,388,3292636,1224076,-1149264
1083,388,3293061,1222846,-1145866
1084,387,3293486,1221615,-1142468
1085,386,3293911,1220385,-1139070
1086,386,3294336,1219155,-1135672
1087,386,3294762,1217924,-1132274
1088,385,3295187,1216694,-1128875
1089,384,3295612,1215463,-1125477
1090,384,3296037,1214233,-1122079
1091,384,3296462,1213003,-1118681
1092,383,3296887,1211772,-1115283
1093,382,3297312,1210542,-1111885
1094,382,3297738,1209311,-1108487
1095,382,3298163,1208081,-1105089
1096,381,3298588,1206851,-1101691
1097,380,3299013,1205620,-1098293
1098,380,3299438,1204390,-1094895
1099,380,3299863,1203159,-1091497
1100,379,3300288,1201929,-1088099
1101,378,3300714,1200699,-1084701
1102,378,3301139,1199468,-1081303
1103,378,3301564,1198238,-1077905
1104,377,3301989,1197007,-1074507
1105,376,3302414,1195777,-1071109
1106,376,3302839,1194547,-1067711
1107,376,3303264,1193316,-1064313
1108,375,3303690,1192086,-1060915
1109,374,3304115,1190855,-1057517
1110,374,3304540,1189625,-1054119
1111,374,3304965,1188395,-1050721
1112,373,3305390,1187164,-1047323
1113,372,3305815,1185934,-1043925
1114,372,3306240,1184703,-1040527
1115,372,3306665,1183473,-1037129
1116,371,3307091,1182243,-1033731
1117,370,3307516,1181012,-1030333
1118,370,3307941,1179782,-1026935
1119,370,3308366,1178551,-1023536
1120,369,3308791,1177321,-1020138
1121,368,3309216,1176091,-1016740
1122,368,3309641,1174860,-1013342
1123,368,3310067,1173630,-1009944
1124,367,3310492,1172399,-1006546
1125,366,3310917,1171169,-1003148
1126,366,3311342,1169939,-999750
1127,366,3311767,1168708,-996352
1128,365,3312192,1167478,-992954
1129,364,3312617,1166247,-989556
1130,364,3313043,1165017,-986158
1131,364,3313468,1163787,-982760
1132,363,3313893,1162556,-979362
1133,362,3314318,1161326,-975964
1134,362,3314743,1160095,-972566
1135,362,3315168,1158865,-969168
1136,361,3315593,1157635,-965770
1137,360,3316019,1156404,-962372
1138,360,3316444,1155174,-958974
1139,360,3316869,1153943,-955576
1140,359,3317294,1152713,-952178
1141,358,3317719,1151483,-948780
1142,358,3318144,1150252,-945382
1143,358,3318569,1149022,-941984
1144,357,3318995,1147791,-938586
1145,356,3319420,1146561,-935188
1146,356,3319845,1145331,-931790
1147,356,3320270,1144100,-928392
1148,355,3320695,1142870,-924994
1149,354,3321120,1141639,-921596
1150,354,3321545,1140409,-918198
1151,354,3321545,1140409,-918198
1152,354,3321429,1140180,-917705
1153,353,3321313,1139950,-917213
1154,352,3321197,1139720,-916720
1155,352,3321080,1139491,-916228
1156,352,3320964,1139261,-915735
1157,351,3320848,1139032,-915243
1158,350,3320732,1138802,-914750
1159,350,3320615,1138573,-914258
1160,350,3320499,1138343,-913765
1161,349,3320383,1138113,-913273
1162,348,3320267,1137884,-912780
1163,348,3320150,1137654,-912288
1164,348,3320034,1137425,-911796
1165,347,3319918,1137195,-911303
1166,346,3319802,1136966,-910811
1167,346,3319685,1136736,-910318
1168,346,3319569,1136507,-909826
1169,345,3319453,1136277,-909333
1170,344,3319337,1136047,-908841
1171,344,3319220,1135818,-908348
1172,344,3319104,1135588,-907856
1173,343,3318988,1135359,-907363
1174,342,3318872,1135129,-906871
1175,342,3318755,1134900,-906378
1176,342,3318639,1134670,-905886
1177,341,3318523,1134440,-905394
1178,340,3318407,1134211,-904901
1179,340,3318290,1133981,-904409
1180,340,3318174,1133752,-903916
1181,339,3318058,1133522,-903424
1182,338,3317941,1133293,-902931
1183,338,3317825,1133063,-902439
1184,338,3317709,1132834,-901946
1185,337,3317593,1132604,-901454
1186,336,3317476,1132374,-900961
1187,336,3317360,1132145,-900469
1188,336,3317244,1131915,-899976
1189,335,3317128,1131686,-899484
1190,334,3317011,1131456,-898992
1191,334,3316895,1131227,-898499
1192,334,3316779,1130997,-898007
1193,333,3316663,1130768,-897514
1194,332,3316546,1130538,-897022
1195,332,3316430,1130308,-896529
1196,332,3316314,1130079,-896037
1197,331,3316198,1129849,-895544
1198,330,3316081,1129620,-895052
1199,330,3315965,1129390,-894559
1200,330,3315849,1129161,-894067
1201,329,3315733,1128931,-893574
1202,328,3315616,1128701,-893082
1203,328,3315500,1128472,-892590
1204,328,3315384,1128242,-892097
1205,327,3315268,1128013,-891605
1206,326,3315151,1127783,-891112
1207,326,3315035,1127554,-890620
1208,326,3314919,1127324,-890127
1209,325,3314803,1127095,-889635
1210,324,3314686,1126865,-889142
1211,324,3314570,1126635,-888650
1212,324,3314454,1126406,-888157
1213,323,3314338,1126176,-887665
1214,322,3314221,1125947,-887172
1215,322,3314105,1125717,-886680
1216,322,3313989,1125488,-886188
1217,321,3313873,1125258,-885695
1218,320,3313756,1125028,-885203
1219,320,3313640,1124799,-884710
1220,320,3313524,1124569,-884218
1221,319,3313408,1124340,-883725
1222,318,3313291,1124110,-883233
1223,318,3313175,1123881,-882740
1224,318,3313059,1123651,-882248
1225,317,3312943,1123422,-881755
1226,316,3312826,1123192,-881263
1227,316,3312710,1122962,-880771
1228,316,3312594,1122733,-880278
1229,315,3312478,1122503,-879786
1230,314,3312361,1122274,-879293
1231,314,3312245,1122044,-878801
1232,314,3312129,1121815,-878308
1233,313,3312013,1121585,-877816
1234,312,3311896,1121355,-877323
1235,312,3311780,1121126,-876831
1236,312,3311664,1120896,-876338
1237,311,3311548,1120667,-875846
1238,310,3311431,1120437,-875353
1239,310,3311315,1120208,-874861
1240,310,3311199,1119978,-874369
1241,309,3311082,1119749,-873876
1242,308,3310966,1119519,-873384
1243,308,3310850,1119289,-872891
1244,308,3310734,1119060,-872399
1245,307,3310617,1118830,-871906
1246,306,3310501,1118601,-871414
1247,306,3310385,1118371,-870921
1248,306,3310269,1118142,-870429
1249,305,3310152,1117912,-869936
1250,304,3310036,1117682,-869444
1251,304,3309920,1117453,-868951
1252,304,3309804,1117223,-868459
1253,303,3309687,1116994,-867967
1254,302,3309571,1116764,-867474
1255,302,3309455,1116535,-866982
1256,302,3309339,1116305,-866489
1257,301,3309222,1116076,-865997
1258,300,3309106,1115846,-865504
1259,300,3308990,1115616,-865012
1260,300,3308874,1115387,-864519
1261,299,3308757,1115157,-864027
1262,298,3308641,1114928,-863534
1263,298,3308525,1114698,-863042
1264,298,3308409,1114469,-862549
1265,297,3308292,1114239,-862057
1266,296,3308176,1114010,-861565
1267,296,3308060,1113780,-861072
1268,296,3307944,1113550,-860580
1269,295,3307827,1113321,-860087
1270,294,3307711,1113091,-859595
1271,294,3307595,1112862,-859102
1272,294,3307479,1112632,-858610
1273,293,3307362,1112403,-858117
1274,292,3307246,1112173,-857625
1275,292,3307130,1111943,-857132
1276,292,3307014,1111714,-856640
1277,291,3306897,1111484,-856147
1278,290,3306781,1111255,-855655
1279,290,3306665,1111025,-855163
1280,290,3306549,1110796,-854670
1281,289,3306432,1110566,-854178
1282,288,3306316,1110337,-853685
1283,288,3306200,1110107,-853193
1284,288,3306084,1109877,-852700
1285,287,3305967,1109648,-852208
1286,286,3305851,1109418,-851715
1287,286,3305735,1109189,-851223
1288,286,3305619,1108959,-850730
1289,285,3305502,1108730,-850238
1290,284,3305386,1108500,-849745
1291,284,3305270,1108270,-849253
1292,284,3305154,1108041,-848761
1293,283,3305037,1107811,-848268
1294,282,3304921,1107582,-847776
1295,282,3304805,1107352,-847283
1296,282,3304688,1107123,-846791
1297,281,3304572,1106893,-846298
1298,280,3304456,1106664,-845806
1299,280,3304340,1106434,-845313
1300,280,3304223,1106204,-844821
1301,279,3304107,1105975,-844328
1302,278,3303991,1105745,-843836
1303,278,3303875,1105516,-843343
1304,278,3303758,1105286,-842851
1305,277,3303642,1105057,-842359
1306,276,3303526,1104827,-841866
1307,276,3303410,1104597,-841374
1308,276,3303293,1104368,-840881
1309,275,3303177,1104138,-840389
1310,274,3303061,1103909,-839896
1311,274,3302945,1103679,-839404
1312,274,3302828,1103450,-838911
1313,273,3302712,1103220,-838419
1314,272,3302596,1102991,-837926
1315,272,3302480,1102761,-837434
1316,272,3302363,1102531,-836942
1317,271,3302247,1102302,-836449
1318,270,3302131,1102072,-835957
1319,270,3302015,1101843,-835464
1320,270,3301898,1101613,-834972
1321,269,3301782,1101384,-834479
1322,269,3301782,1101384,-834479
1323,268,3301777,1101366,-834440
1324,268,3301773,1101349,-834401
1325,268,3301768,1101332,-834362
1326,267,3301763,1101315,-834323
1327,266,3301759,1101297,-834284
1328,266,3301754,1101280,-834246
1329,266,3301749,1101263,-834207
1330,265,3301745,1101246,-834168
1331,264,3301740,1101228,-834129
1332,264,3301735,1101211,-834090
1333,264,3301731,1101194,-834051
1334,263,3301726,1101177,-834012
1335,262,3301721,1101159,-833973
1336,262,3301717,1101142,-833934
1337,262,3301712,1101125,-833895
1338,261,3301707,1101108,-833856
1339,260,3301703,1101090,-833817
1340,260,3301698,1101073,-833778
1341,260,3301693,1101056,-833739
1342,259,3301689,1101039,-833700
1343,258,3301684,1101021,-833661
1344,258,3301679,1101004,-833622
1345,258,3301675,1100987,-833583
1346,257,3301670,1100970,-833545
1347,256,3301665,1100953,-833506
1348,256,3301661,1100935,-833467
1349,256,3301656,1100918,-833428
1350,255,3301651,1100901,-833389
1351,254,3301647,1100884,-833350
1352,254,3301642,1100866,-833311
1353,254,3301637,1100849,-833272
1354,253,3301633,1100832,-833233
1355,252,3301628,1100815,-833194
1356,252,3301623,1100797,-833155
1357,252,3301619,1100780,-833116
1358,251,3301614,1100763,-833077
1359,250,3301609,1100746,-833038
1360,250,3301605,1100728,-832999
1361,250,3301600,1100711,-832960
1362,249,3301595,1100694,-832921
1363,248,3301591,1100677,-832882
1364,248,3301586,1100659,-832844
1365,248,3301581,1100642,-832805
1366,247,3301577,1100625,-832766
1367,246,3301572,1100608,-832727
1368,246,3301567,1100590,-832688
1369,246,3301563,1100573,-832649
1370,245,3301558,1100556,-832610
1371,244,3301553,1100539,-832571
1372,244,3301549,1100521,-832532
1373,244,3301544,1100504,-832493
1374,243,3301539,1100487,-832454
1375,242,3301535,1100470,-832415
1376,242,3301530,1100452,-832376
1377,242,3301525,1100435,-832337
1378,241,3301521,1100418,-832298
1379,240,3301516,1100401,-832259
1380,240,3301511,1100383,-832220
1381,240,3301507,1100366,-832181
1382,239,3301502,1100349,-832142
1383,238,3301497,1100332,-832104
1384,238,3301493,1100314,-832065
1385,238,3301488,1100297,-832026
1386,237,3301483,1100280,-831987
1387,236,3301479,1100263,-831948
1388,236,3301474,1100245,-831909
1389,236,3301469,1100228,-831870
1390,235,3301465,1100211,-831831
1391,234,3301460,1100194,-831792
1392,234,3301455,1100177,-831753
1393,234,3301451,1100159,-831714
1394,233,3301446,1100142,-831675
1395,232,3301441,1100125,-831636
1396,232,3301437,1100108,-831597
1397,232,3301432,1100090,-831558
1398,231,3301427,1100073,-831519
1399,230,3301423,1100056,-831480
1400,230,3301418,1100039,-831441
1401,230,3301413,1100021,-831403
1402,229,3301409,1100004,-831364
1403,228,3301404,1099987,-831325
1404,228,3301399,1099970,-831286
1405,228,3301395,1099952,-831247
1406,227,3301390,1099935,-831208
1407,226,3301385,1099918,-831169
1408,226,3301381,1099901,-831130
1409,226,3301376,1099883,-831091
1410,225,3301371,1099866,-831052
1411,224,3301367,1099849,-831013
1412,224,3301362,1099832,-830974
1413,224,3301357,1099814,-830935
1414,223,3301353,1099797,-830896
1415,222,3301348,1099780,-830857
1416,222,3301343,1099763,-830818
1417,222,3301339,1099745,-830779
1418,221,3301334,1099728,-830740
1419,220,3301329,1099711,-830702
1420,220,3301325,1099694,-830663
1421,220,3301320,1099676,-830624
1422,219,3301315,1099659,-830585
1423,218,3301311,1099642,-830546
1424,218,3301306,1099625,-830507
1425,218,3301301,1099607,-830468
1426,217,3301297,1099590,-830429
1427,216,3301292,1099573,-830390
1428,216,3301287,1099556,-830351
1429,216,3301283,1099538,-830312
1430,215,3301278,1099521,-830273
1431,214,3301273,1099504,-830234
1432,214,3301269,1099487,-830195
1433,214,3301264,1099469,-830156
1434,213,3301259,1099452,-830117
1435,212,3301255,1099435,-830078
1436,212,3301250,1099418,-830039
1437,212,3301245,1099401,-830001
1438,211,3301241,1099383,-829962
1439,210,3301236,1099366,-829923
1440,210,3301231,1099349,-829884
1441,210,3301227,1099332,-829845
1442,209,3301222,1099314,-829806
1443,208,3301217,1099297,-829767
1444,208,3301213,1099280,-829728
1445,208,3301208,1099263,-829689
1446,207,3301203,1099245,-829650
1447,206,3301199,1099228,-829611
1448,206,3301194,1099211,-829572
1449,206,3301189,1099194,-829533
1450,205,3301185,1099176,-829494
1451,204,3301180,1099159,-829455
1452,204,3301175,1099142,-829416
1453,204,3301171,1099125,-829377
1454,203,3301166,1099107,-829338
1455,202,3301161,1099090,-829300
1456,202,3301157,1099073,-829261
1457,202,3301152,1099056,-829222
1458,201,3301147,1099038,-829183
1459,200,3301143,1099021,-829144
1460,200,3301138,1099004,-829105
1461,200,3301133,1098987,-829066
1462,199,3301129,1098969,-829027
1463,198,3301124,1098952,-828988
1464,198,3301119,1098935,-828949
1465,198,3301115,1098918,-828910
1466,197,3301110,1098900,-828871
1467,196,3301105,1098883,-828832
1468,196,3301101,1098866,-828793
1469,196,3301096,1098849,-828754
1470,195,3301091,1098831,-828715
1471,194,3301087,1098814,-828676
1472,194,3301082,1098797,-828637
1473,194,3301077,1098780,-828598
1474,193,3301073,1098762,-828560
1475,192,3301068,1098745,-828521
1476,192,3301063,1098728,-828482
1477,192,3301059,1098711,-828443
1478,191,3301054,1098693,-828404
1479,190,3301049,1098676,-828365
1480,190,3301045,1098659,-828326
1481,190,3301040,1098642,-828287
1482,189,3301035,1098625,-828248
1483,188,3301031,1098607,-828209
1484,188,3301026,1098590,-828170
1485,188,3301021,1098573,-828131
1486,187,3301017,1098556,-828092
1487,186,3301012,1098538,-828053
1488,186,3301007,1098521,-828014
1489,186,3301003,1098504,-827975
1490,185,3300998,1098487,-827936
1491,184,3300993,1098469,-827897
1492,184,3300989,1098452,-827859
1493,184,3300984,1098435,-827820
1494,183,3300979,1098418,-827781
1495,183,3300979,1098418,-827781
1496,182,3300977,1098330,-827573
1497,182,3300974,1098243,-827365
1498,182,3300971,1098156,-827157
1499,181,3300969,1098069,-826949
1500,180,3300966,1097982,-826741
1501,180,3300963,1097895,-826533
1502,180,3300961,1097808,-826325
1503,179,3300958,1097721,-826117
1504,178,3300955,1097634,-825909
1505,178,3300952,1097546,-825701
1506,178,3300950,1097459,-825493
1507,177,3300947,1097372,-825285
1508,176,3300944,1097285,-825077
1509,176,3300942,1097198,-824869
1510,176,3300939,1097111,-824661
1511,175,3300936,1097024,-824453
1512,174,3300933,1096937,-824245
1513,174,3300931,1096850,-824038
1514,174,3300928,1096762,-823830
1515,173,3300925,1096675,-823622
1516,172,3300923,1096588,-823414
1517,172,3300920,1096501,-823206
1518,172,3300917,1096414,-822998
1519,171,3300914,1096327,-822790
1520,170,3300912,1096240,-822582
1521,170,3300909,1096153,-822374
1522,170,3300906,1096066,-822166
1523,169,3300904,1095978,-821958
1524,168,3300901,1095891,-821750
1525,168,3300898,1095804,-821542
1526,168,3300896,1095717,-821334
1527,167,3300893,1095630,-821126
1528,166,3300890,1095543,-820918
1529,166,3300887,1095456,-820710
1530,166,3300887,1095456,-820710
1531,166,3300873,1095386,-820550
1532,165,3300859,1095315,-820389
1533,164,3300845,1095245,-820228
1534,164,3300830,1095175,-820067
1535,164,3300816,1095105,-819906
1536,163,3300802,1095034,-819746
1537,162,3300788,1094964,-819585
1538,162,3300773,1094894,-819424
1539,162,3300759,1094824,-819263
1540,161,3300745,1094754,-819103
1541,160,3300731,1094683,-818942
1542,160,3300716,1094613,-818781
1543,160,3300702,1094543,-818620
1544,159,3300688,1094473,-818459
1545,158,3300674,1094402,-818299
1546,158,3300659,1094332,-818138
1547,158,3300645,1094262,-817977
1548,157,3300631,1094192,-817816
1549,156,3300616,1094122,-817656
1550,156,3300602,1094051,-817495
1551,156,3300588,1093981,-817334
1552,155,3300574,1093911,-817173
1553,154,3300559,1093841,-817012
1554,154,3300545,1093771,-816852
1555,154,3300531,1093700,-816691
1556,153,3300517,1093630,-816530
1557,152,3300502,1093560,-816369
1558,152,3300488,1093490,-816209
1559,152,3300474,1093419,-816048
1560,151,3300460,1093349,-815887
1561,150,3300445,1093279,-815726
1562,150,3300431,1093209,-815565
1563,150,3300417,1093139,-815405
1564,149,3300403,1093068,-815244
1565,148,3300388,1092998,-815083
1566,148,3300374,1092928,-814922
1567,148,3300360,1092858,-814762
1568,147,3300346,1092788,-814601
1569,146,3300331,1092717,-814440
1570,146,3300317,1092647,-814279
1571,146,3300303,1092577,-814118
1572,145,3300288,1092507,-813958
1573,145,3300288,1092507,-813958
1574,144,3300245,1092492,-813945
1575,144,3300201,1092477,-813933
1576,144,3300157,1092461,-813921
1577,143,3300113,1092446,-813909
1578,142,3300069,1092431,-813897
1579,142,3300026,1092416,-813885
1580,142,3299982,1092401,-813873
1581,141,3299938,1092386,-813860
1582,140,3299894,1092371,-813848
1583,140,3299850,1092356,-813836
1584,140,3299806,1092341,-813824
1585,139,3299763,1092326,-813812
1586,138,3299719,1092311,-813800
1587,138,3299675,1092296,-813787
1588,138,3299631,1092281,-813775
1589,137,3299587,1092266,-813763
1590,136,3299543,1092250,-813751
1591,136,3299500,1092235,-813739
1592,136,3299456,1092220,-813727
1593,135,3299412,1092205,-813714
1594,134,3299368,1092190,-813702
1595,134,3299324,1092175,-813690
1596,134,3299280,1092160,-813678
1597,133,3299237,1092145,-813666
1598,132,3299193,1092130,-813654
1599,132,3299149,1092115,-813641
1600,132,3299105,1092100,-813629
1601,131,3299061,1092085,-813617
1602,130,3299018,1092070,-813605
1603,130,3298974,1092055,-813593
1604,130,3298930,1092039,-813581
1605,129,3298886,1092024,-813569
1606,128,3298842,1092009,-813556
1607,128,3298798,1091994,-813544
1608,128,3298755,1091979,-813532
1609,127,3298711,1091964,-813520
1610,126,3298667,1091949,-813508
1611,126,3298623,1091934,-813496
1612,126,3298579,1091919,-813483
1613,125,3298535,1091904,-813471
1614,124,3298492,1091889,-813459
1615,124,3298448,1091874,-813447
1616,124,3298404,1091859,-813435
1617,123,3298360,1091844,-813423
1618,122,3298316,1091829,-813410
1619,122,3298272,1091813,-813398
1620,122,3298229,1091798,-813386
1621,121,3298185,1091783,-813374
1622,120,3298141,1091768,-813362
1623,120,3298097,1091753,-813350
1624,120,3298053,1091738,-813338
1625,119,3298010,1091723,-813325
1626,118,3297966,1091708,-813313
1627,118,3297922,1091693,-813301
1628,118,3297878,1091678,-813289
1629,117,3297834,1091663,-813277
1630,116,3297790,1091648,-813265
1631,116,3297747,1091633,-813252
1632,116,3297703,1091618,-813240
1633,115,3297659,1091602,-813228
1634,114,3297615,1091587,-813216
1635,114,3297571,1091572,-813204
1636,114,3297527,1091557,-813192
1637,113,3297484,1091542,-813179
1638,112,3297440,1091527,-813167
1639,112,3297396,1091512,-813155
1640,112,3297352,1091497,-813143
1641,111,3297308,1091482,-813131
1642,110,3297264,1091467,-813119
1643,110,3297221,1091452,-813106
1644,110,3297177,1091437,-813094
1645,109,3297133,1091422,-813082
1646,108,3297089,1091407,-813070
1647,108,3297045,1091391,-813058
1648,108,3297002,1091376,-813046
1649,107,3296958,1091361,-813034
1650,106,3296914,1091346,-813021
1651,106,3296870,1091331,-813009
1652,106,3296826,1091316,-812997
1653,105,3296782,1091301,-812985
1654,104,3296739,1091286,-812973
1655,104,3296695,1091271,-812961
1656,104,3296651,1091256,-812948
1657,103,3296607,1091241,-812936
1658,102,3296563,1091226,-812924
1659,102,3296519,1091211,-812912
1660,102,3296476,1091196,-812900
1661,101,3296432,1091180,-812888
1662,100,3296388,1091165,-812875
1663,100,3296344,1091150,-812863
1664,100,3296300,1091135,-812851
1665,99,3296256,1091120,-812839
1666,98,3296213,1091105,-812827
1667,98,3296169,1091090,-812815
1668,98,3296125,1091075,-812802
1669,97,3296081,1091060,-812790
1670,96,3296037,1091045,-812778
1671,96,3295993,1091030,-812766
1672,96,3295950,1091015,-812754
1673,95,3295906,1091000,-812742
1674,94,3295862,1090985,-812730
1675,94,3295818,1090969,-812717
1676,94,3295774,1090954,-812705
1677,93,3295731,1090939,-812693
1678,92,3295687,1090924,-812681
1679,92,3295643,1090909,-812669
1680,92,3295599,1090894,-812657
1681,91,3295555,1090879,-812644
1682,90,3295511,1090864,-812632
1683,90,3295468,1090849,-812620
1684,90,3295424,1090834,-812608
1685,89,3295380,1090819,-812596
1686,88,3295336,1090804,-812584
1687,88,3295292,1090789,-812571
1688,88,3295248,1090774,-812559
1689,87,3295205,1090758,-812547
1690,86,3295161,1090743,-812535
1691,86,3295117,1090728,-812523
1692,86,3295073,1090713,-812511
1693,85,3295029,1090698,-812499
1694,85,3295029,1090698,-812499
1695,84,3294994,1090675,-812463
1696,84,3294959,1090652,-812427
1697,84,3294924,1090630,-812391
1698,83,3294889,1090607,-812356
1699,82,3294854,1090584,-812320
1700,82,3294819,1090561,-812284
1701,82,3294784,1090538,-812248
1702,81,3294749,1090515,-812213
1703,80,3294714,1090492,-812177
1704,80,3294679,1090469,-812141
1705,80,3294644,1090446,-812105
1706,79,3294609,1090424,-812070
1707,78,3294574,1090401,-812034
1708,78,3294539,1090378,-811998
1709,78,3294539,1090378,-811998
1710,78,3294513,1090344,-811931
1711,77,3294487,1090310,-811865
1712,76,3294460,1090276,-811798
1713,76,3294434,1090243,-811731
1714,76,3294407,1090209,-811665
1715,75,3294381,1090175,-811598
1716,74,3294355,1090141,-811531
1717,74,3294328,1090107,-811465
1718,74,3294302,1090074,-811398
1719,73,3294275,1090040,-811332
1720,72,3294249,1090006,-811265
1721,72,3294223,1089972,-811198
1722,72,3294196,1089938,-811132
1723,71,3294170,1089904,-811065
1724,70,3294143,1089871,-810998
1725,70,3294117,1089837,-810932
1726,70,3294090,1089803,-810865
1727,69,3294064,1089769,-810798
1728,68,3294038,1089735,-810732
1729,68,3294011,1089702,-810665
1730,68,3293985,1089668,-810598
1731,67,3293958,1089634,-810532
1732,66,3293932,1089600,-810465
1733,66,3293906,1089566,-810398
1734,66,3293879,1089533,-810332
1735,65,3293853,1089499,-810265
1736,64,3293826,1089465,-810199
1737,64,3293800,1089431,-810132
1738,64,3293774,1089397,-810065
1739,63,3293747,1089364,-809999
1740,62,3293721,1089330,-809932
1741,62,3293694,1089296,-809865
1742,62,3293668,1089262,-809799
1743,61,3293642,1089228,-809732
1744,60,3293615,1089194,-809665
1745,60,3293589,1089161,-809599
1746,60,3293589,1089161,-809599
1747,60,3292901,1089043,-808902
1748,59,3292212,1088925,-808205
1749,58,3291524,1088807,-807509
1750,58,3290836,1088689,-806812
1751,58,3290148,1088571,-806115
1752,57,3289459,1088453,-805419
1753,56,3288771,1088335,-804722
1754,56,3288083,1088217,-804025
1755,56,3287395,1088099,-803329
1756,55,3286706,1087981,-802632
1757,54,3286018,1087863,-801935
1758,54,3285330,1087745,-801239
1759,54,3284642,1087627,-800542
1760,53,3283953,1087509,-799846
1761,52,3283265,1087391,-799149
1762,52,3282577,1087273,-798452
1763,52,3281889,1087155,-797756
1764,51,3281200,1087037,-797059
1765,50,3280512,1086919,-796362
1766,50,3279824,1086801,-795666
1767,50,3279136,1086683,-794969
1768,49,3278447,1086565,-794272
1769,48,3277759,1086447,-793576
1770,48,3277071,1086329,-792879
1771,48,3276383,1086211,-792182
1772,47,3275695,1086093,-791486
1773,46,3275006,1085975,-790789
1774,46,3274318,1085857,-790092
1775,46,3273630,1085738,-789396
1776,45,3272942,1085620,-788699
1777,44,3272253,1085502,-788002
1778,44,3271565,1085384,-787306
1779,44,3270877,1085266,-786609
1780,43,3270189,1085148,-785912
1781,42,3269500,1085030,-785216
1782,42,3268812,1084912,-784519
1783,42,3268124,1084794,-783822
1784,41,3267436,1084676,-783126
1785,40,3266747,1084558,-782429
1786,40,3266059,1084440,-781732
1787,40,3265371,1084322,-781036
1788,39,3264683,1084204,-780339
1789,38,3263994,1084086,-779642
1790,38,3263306,1083968,-778946
1791,38,3262618,1083850,-778249
1792,37,3261930,1083732,-777553
1793,36,3261241,1083614,-776856
1794,36,3260553,1083496,-776159
1795,36,3259865,1083378,-775463
1796,35,3259177,1083260,-774766
1797,34,3258489,1083142,-774069
1798,34,3257800,1083024,-773373
1799,34,3257112,1082906,-772676
1800,33,3256424,1082788,-771979
1801,32,3255736,1082670,-771283
1802,32,3255047,1082552,-770586
1803,32,3254359,1082434,-769889
1804,31,3253671,1082316,-769193
1805,30,3252983,1082198,-768496
1806,30,3252294,1082080,-767799
1807,30,3251606,1081962,-767103
1808,29,3250918,1081844,-766406
1809,28,3250230,1081726,-765709
1810,28,3249541,1081608,-765013
1811,28,3248853,1081490,-764316
1812,27,3248165,1081372,-763619
1813,26,3247477,1081254,-762923
1814,26,3246788,1081136,-762226
1815,26,3246100,1081018,-761529
1816,25,3245412,1080900,-760833
1817,24,3244724,1080782,-760136
1818,24,3244035,1080664,-759439
1819,24,3243347,1080546,-758743
1820,23,3242659,1080428,-758046
1821,22,3241971,1080310,-757350
1822,22,3241283,1080192,-756653
1823,22,3240594,1080074,-755956
1824,21,3239906,1079956,-755260
1825,20,3239218,1079838,-754563
1826,20,3238530,1079720,-753866
1827,20,3237841,1079602,-753170
1828,19,3237153,1079484,-752473
1829,18,3236465,1079366,-751776
1830,18,3235777,1079248,-751080
1831,18,3235088,1079130,-750383
1832,17,3234400,1079012,-749686
1833,16,3233712,1078894,-748990
1834,16,3233024,1078776,-748293
1835,16,3232335,1078658,-747596
1836,15,3231647,1078540,-746900
1837,14,3230959,1078422,-746203
1838,14,3230271,1078304,-745506
1839,14,3229582,1078186,-744810
1840,13,3228894,1078068,-744113
1841,12,3228206,1077950,-743416
1842,12,3227518,1077832,-742720
1843,12,3226830,1077714,-742023
1844,11,3226141,1077596,-741326
1845,10,3225453,1077478,-740630
1846,10,3224765,1077360,-739933
1847,10,3224077,1077242,-739236
1848,9,3223388,1077124,-738540
1849,8,3222700,1077006,-737843
1850,8,3222012,1076888,-737146
1851,8,3221324,1076770,-736450
1852,7,3220635,1076652,-735753
1853,6,3219947,1076534,-735057
1854,6,3219259,1076416,-734360
1855,6,3218571,1076298,-733663
1856,5,3217882,1076180,-732967
1857,4,3217194,1076062,-732270
1858,4,3216506,1075944,-731573
1859,4,3215818,1075826,-730877
1860,3,3215129,1075708,-730180
1861,2,3214441,1075590,-729483
1862,2,3213753,1075472,-728787
1863,2,3213065,1075354,-728090
1864,1,3212376,1075236,-727393
1865,0,3211688,1075118,-726697
1866,0,3211000,1075000,-726000
